/*
 Navicat Premium Data Transfer

 Source Server         : 31.58.244.32
 Source Server Type    : MySQL
 Source Server Version : 50562 (5.5.62)
 Source Host           : 31.58.244.32:3306
 Source Schema         : itemshop

 Target Server Type    : MySQL
 Target Server Version : 50562 (5.5.62)
 File Encoding         : 65001

 Date: 17/02/2026 12:40:48
*/

SET NAMES utf8mb4;
SET FOREIGN_KEY_CHECKS = 0;

-- ----------------------------
-- Table structure for ishop_category
-- ----------------------------
DROP TABLE IF EXISTS `ishop_category`;
CREATE TABLE `ishop_category`  (
  `id` int(11) NOT NULL AUTO_INCREMENT,
  `name` varchar(250) CHARACTER SET utf8 COLLATE utf8_turkish_ci NOT NULL,
  PRIMARY KEY (`id`) USING BTREE
) ENGINE = MyISAM AUTO_INCREMENT = 146 CHARACTER SET = utf8 COLLATE = utf8_turkish_ci;

-- ----------------------------
-- Records of ishop_category
-- ----------------------------
BEGIN;
INSERT INTO `ishop_category` (`id`, `name`) VALUES (1, 'Zırhlar'), (2, 'Silahlar'), (4, 'Kalkan-Kask'), (5, 'Ayakkabılar'), (6, 'Taşlar'), (7, 'Kemer-Yüzük'), (8, 'Geliştirme-Biyolog'), (9, 'Mühürler'), (11, 'Kostümler'), (12, 'EP Biletleri'), (13, 'Simya'), (30, 'Takılar'), (31, 'Diğer');
COMMIT;

-- ----------------------------
-- Table structure for ishop_items
-- ----------------------------
DROP TABLE IF EXISTS `ishop_items`;
CREATE TABLE `ishop_items`  (
  `id` int(11) UNSIGNED NOT NULL AUTO_INCREMENT,
  `name_item` varchar(255) CHARACTER SET utf8 COLLATE utf8_turkish_ci NOT NULL,
  `category` int(11) NULL DEFAULT NULL,
  `desc` varchar(255) CHARACTER SET utf8 COLLATE utf8_turkish_ci NULL DEFAULT NULL,
  `price` int(11) NULL DEFAULT NULL,
  `count` tinyint(3) UNSIGNED NOT NULL DEFAULT 0,
  `vnum` int(11) UNSIGNED NOT NULL DEFAULT 0,
  `vnum_icon` varchar(11) CHARACTER SET utf8 COLLATE utf8_turkish_ci NOT NULL,
  `date_added` datetime NOT NULL,
  `socket0` int(10) UNSIGNED NOT NULL DEFAULT 0,
  `socket1` int(10) UNSIGNED NOT NULL DEFAULT 0,
  `socket2` int(10) UNSIGNED NOT NULL DEFAULT 0,
  PRIMARY KEY (`id`) USING BTREE,
  INDEX `item_vnum_index`(`vnum`) USING BTREE
) ENGINE = MyISAM AUTO_INCREMENT = 1504 CHARACTER SET = utf8 COLLATE = utf8_turkish_ci;

-- ----------------------------
-- Records of ishop_items
-- ----------------------------
BEGIN;
INSERT INTO `ishop_items` (`id`, `name_item`, `category`, `desc`, `price`, `count`, `vnum`, `vnum_icon`, `date_added`, `socket0`, `socket1`, `socket2`) VALUES (725, 'Kara Panter Mührü ', 9, '4500 HP, %30 Canavarlara Karşı Güç, 150 Savunma, %20 Kritik şansı sağlar. 7 Günlük, süre sadece üzerinizdeyken gider.', 3500, 1, 71176, '71131', '2018-08-24 00:00:00', 648000, 0, 0), (715, 'Kral Kaplan Mührü (M) ', 9, '3500 HP, %25 Canavarlara Karşı Güç, 100 Savunma sağlar. 7 Günlük, süre sadece üzerinizdeyken gider.', 2500, 1, 71137, '71137', '2018-08-24 00:00:00', 648000, 0, 0), (716, 'Kral Kaplan Mührü (K) ', 9, '3500 HP, %25 Canavarlara Karşı Güç, 100 Savunma sağlar. 7 Günlük, süre sadece üzerinizdeyken gider.', 2500, 1, 71138, '71138', '2018-08-24 00:00:00', 648000, 0, 0), (717, 'Kral Kaplan Mührü (S) ', 9, '3500 HP, %25 Canavarlara Karşı Güç, 100 Savunma sağlar. 7 Günlük, süre sadece üzerinizdeyken gider.', 2500, 1, 71139, '71139', '2018-08-24 00:00:00', 648000, 0, 0), (718, 'Kral Kaplan Mührü (Y) ', 9, '3500 HP, %25 Canavarlara Karşı Güç, 100 Savunma sağlar. 7 Günlük, süre sadece üzerinizdeyken gider.', 2500, 1, 71140, '71140', '2018-08-24 00:00:00', 648000, 0, 0), (719, 'Kral Kaplan Mührü (G) ', 9, '3500 HP, %25 Canavarlara Karşı Güç, 100 Savunma sağlar. 7 Günlük, süre sadece üzerinizdeyken gider.', 2500, 1, 71141, '71141', '2018-08-24 00:00:00', 648000, 0, 0), (720, 'Kral Kaplan Mührü (B) ', 9, '3500 HP, %25 Canavarlara Karşı Güç, 100 Savunma sağlar. 7 Günlük, süre sadece üzerinizdeyken gider.', 2500, 1, 71142, '71142', '2018-08-24 00:00:00', 648000, 0, 0), (130, 'Bilgelik İksiri', 31, '1 saat boyunca %100 EXP bonusu sağlar.', 500, 1, 71153, '71153', '2018-08-24 00:00:00', 0, 0, 0), (723, 'Equus Porphyreus Mührü ', 9, '4000 HP, %25 Canavarlara Karşı Güç, 100 Savunma, %15 Kritik şansı sağlar. 7 Günlük, süre sadece üzerinizdeyken gider.', 3000, 1, 71161, '71161', '2018-08-24 00:00:00', 648000, 0, 0), (721, 'Kutup Yırtıcısı Mührü ', 9, '4000 HP, %25 Canavarlara Karşı Güç, 100 Savunma, %15 Kritik şansı sağlar. 7 Günlük, süre sadece üzerinizdeyken gider.', 3000, 1, 71165, '71131', '2018-08-24 00:00:00', 648000, 0, 0), (722, 'Zırhlı Panda Mührü ', 9, '4000 HP, %25 Canavarlara Karşı Güç, 100 Savunma, %15 Kritik şansı sağlar. 7 Günlük, süre sadece üzerinizdeyken gider.', 3000, 1, 71166, '71131', '2018-08-24 00:00:00', 648000, 0, 0), (727, 'Tekboynuz Mührü ', 9, '5000 HP, %35 Canavarlara Karşı Güç, 200 Savunma, %25 Kritik şansı sağlar. 7 Günlük, süre sadece üzerinizdeyken gider.', 4000, 1, 71171, '71171', '2018-08-24 00:00:00', 648000, 0, 0), (728, 'Kabus Mührü ', 9, '5000 HP, %35 Canavarlara Karşı Güç, 200 Savunma, %25 Kritik şansı sağlar. 7 Günlük, süre sadece üzerinizdeyken gider.', 4000, 1, 71172, '71172', '2018-08-24 00:00:00', 648000, 0, 0), (375, 'Giriş İzni', 31, 'Örümcek Zindanı ve Katakomb girişi için gereklidir.', 200, 1, 71175, '71174', '2018-08-24 00:00:00', 0, 0, 0), (739, 'Rufus Mührü (Pet) ', 9, '2500 HP, %15 Kritik şansı sağlar. Süre: 1 Ay. 2. Seviye Pet.', 1500, 1, 53013, '53008', '2018-08-24 00:00:00', 2592000, 0, 0), (752, 'Mini Cellat Mührü (Pet) ', 9, '4500 HP, %30 Kritik, %30 Yarı İnsanlara Karşı Güç sağlar. Süre: 1 Ay. 4. Seviye Pet.', 3500, 1, 53014, '53008', '2018-08-24 00:00:00', 2592000, 0, 0), (758, 'Mini Cellat Mührü (Altın) ', 9, '5500 HP, %35 Kritik, %35 Yarı İnsanlara Karşı Güç sağlar. Süre: 1 Ay. 5. Seviye Pet.', 4500, 1, 53015, '53008', '2018-08-24 00:00:00', 2592000, 0, 0), (741, 'Kemik Mührü (Pet) ', 9, '3500 HP, %25 Kritik, %15 Yarı İnsanlara Karşı Güç sağlar. Süre: 1 Ay. 3. Seviye Pet.', 2500, 1, 53016, '53016', '2018-08-24 00:00:00', 2592000, 0, 0), (740, 'Yeşim Anka Mührü (Pet) ', 9, '3500 HP, %25 Kritik, %15 Yarı İnsanlara Karşı Güç sağlar. Süre: 1 Ay. 3. Seviye Pet.', 2500, 1, 53017, '53017', '2018-08-24 00:00:00', 2592000, 0, 0), (744, 'Kar Leonidas Mührü (Pet) ', 9, '3500 HP, %25 Kritik, %15 Canavarlara Karşı Güç sağlar. Süre: 1 Ay. 3. Seviye Pet.', 2500, 1, 53018, '53008', '2018-08-24 00:00:00', 2592000, 0, 0), (745, 'Kutup Khan Mührü (Pet) ', 9, '3500 HP, %25 Kritik, %15 Canavarlara Karşı Güç sağlar. Süre: 1 Ay. 3. Seviye Pet.', 2500, 1, 53019, '53008', '2018-08-24 00:00:00', 2592000, 0, 0), (746, 'Kutup Porky Mührü (Pet) ', 9, '3500 HP, %25 Kritik, %15 Canavarlara Karşı Güç sağlar. Süre: 1 Ay. 3. Seviye Pet.', 2500, 1, 53020, '53008', '2018-08-24 00:00:00', 2592000, 0, 0), (747, 'Ayaz Rufus Mührü (Pet) ', 9, '3500 HP, %25 Kritik, %15 Canavarlara Karşı Güç sağlar. Süre: 1 Ay. 3. Seviye Pet.', 2500, 1, 53021, '53008', '2018-08-24 00:00:00', 2592000, 0, 0), (750, 'Yavru Panter Mührü (Pet) ', 9, '4500 HP, %30 Kritik, %30 Canavarlara Karşı Güç sağlar. Süre: 1 Ay. 4. Seviye Pet.', 3500, 1, 53024, '53008', '2018-08-24 00:00:00', 2592000, 0, 0), (753, 'Yavru Leopar Mührü (Pet) ', 9, '4500 HP, %30 Kritik, %30 Yarı İnsanlara Karşı Güç sağlar. Süre: 1 Ay. 4. Seviye Pet.', 3500, 1, 53025, '53008', '2018-08-24 00:00:00', 2592000, 0, 0), (749, 'Maymuncuk Mührü (Kahve) ', 9, '4500 HP, %30 Kritik, %30 Canavarlara Karşı Güç sağlar. Süre: 1 Ay. 4. Seviye Pet.', 3500, 1, 53050, '55701', '2018-08-24 00:00:00', 2592000, 0, 0), (755, 'Örümcekcik Mührü (Pet) ', 9, '4500 HP, %30 Kritik, %30 Yarı İnsanlara Karşı Güç sağlar. Süre: 1 Ay. 4. Seviye Pet.', 3500, 1, 53054, '55702', '2018-08-24 00:00:00', 2592000, 0, 0), (759, 'Mini Razador Mührü (Kırmızı)', 9, '5500 HP, %35 Kritik, %35 Yarı İnsanlara Karşı Güç sağlar. Süre: 1 Ay. 5. Seviye Pet.', 4500, 1, 53058, '55703', '2018-08-24 00:00:00', 2592000, 0, 0), (757, 'Mini Nemere Mührü (Mavi)', 9, '5500 HP, %35 Kritik, %35 Canavarlara Karşı Güç sağlar. Süre: 1 Ay. 5. Seviye Pet.', 4500, 1, 53062, '55704', '2018-08-24 00:00:00', 2592000, 0, 0), (733, 'Kırmızı Hilal Mührü (Pet) ', 9, '1500 HP sağlar. Süre: 1 Ay. 1. Seviye Pet.', 1000, 1, 53066, '53241', '2018-08-24 00:00:00', 2592000, 0, 0), (734, 'Mavi Hilal Mührü (Pet) ', 9, '1500 HP sağlar. Süre: 1 Ay. 1. Seviye Pet.', 1000, 1, 53067, '53240', '2018-08-24 00:00:00', 2592000, 0, 0), (760, 'Yavru Huashin Mührü (Pet) ', 9, '5500 HP, %35 Kritik, %35 Yarı İnsanlara Karşı Güç sağlar. Süre: 1 Ay. 5. Seviye Pet.', 4500, 1, 53068, '53232', '2018-08-24 00:00:00', 2592000, 0, 0), (748, 'Koyun Mührü (Mavi) (Pet) ', 9, '4500 HP, %30 Kritik, %30 Canavarlara Karşı Güç sağlar. Süre: 1 Ay. 4. Seviye Pet.', 3500, 1, 53069, '53008', '2018-08-24 00:00:00', 2592000, 0, 0), (754, 'Koyun Mührü (Beyaz) (Pet) ', 9, '4500 HP, %30 Kritik, %30 Yarı İnsanlara Karşı Güç sağlar. Süre: 1 Ay. 4. Seviye Pet.', 3500, 1, 53070, '53008', '2018-08-24 00:00:00', 2592000, 0, 0), (783, 'Gölge Mücevheri ', 8, 'Yükseltme eşyası.', 50, 3, 60003, '60003', '2018-08-24 00:00:00', 0, 0, 0), (90, 'Gölge Lordunun Dişi ', 8, 'Yükseltme eşyası.', 450, 3, 70044, '70044', '2018-08-24 00:00:00', 0, 0, 0), (560, 'Gölge Lordunun Zehri ', 8, 'Yükseltme eşyası.', 450, 3, 70045, '70045', '2018-08-24 00:00:00', 0, 0, 0), (561, 'Gölge Lordunun Kalbi ', 8, 'Yükseltme eşyası.', 450, 3, 70046, '70040', '2018-08-24 00:00:00', 0, 0, 0), (506, 'Cesaret Pelerini (Sınırsız)', 31, 'Canavarları üzerine çeker, tükenmez.', 200, 1, 70057, '70038', '2018-08-24 00:00:00', 0, 0, 0), (131, 'Azrail Dönüşüm Küresi', 31, 'Azrail\'e dönüşmenizi sağlar.', 500, 1, 70104, '70104', '2018-08-24 00:00:00', 1093, 0, 0), (81, 'Vahşi Uşak Dönüşüm Küresi', 31, 'Vahşi Uşak\'a dönüşmenizi sağlar.', 250, 1, 70104, '70104', '2018-08-24 00:00:00', 532, 0, 0), (784, 'Gölge Notu ', 8, 'Yükseltme eşyası.', 50, 3, 71022, '71022', '2018-08-24 00:00:00', 0, 0, 0), (372, 'Cinsiyet Değiştirme', 31, 'Karakterinizin cinsiyetini değiştirir.', 500, 1, 71048, '71048', '2018-08-24 00:00:00', 0, 0, 0), (371, 'Krallık Değiştirme', 31, 'İmparatorluk izi.', 500, 1, 71054, '71054', '2018-08-24 00:00:00', 0, 0, 0), (370, 'İsim İzi', 31, 'Karakter ismini değiştirir.', 2000, 1, 71055, '71055', '2018-08-24 00:00:00', 0, 0, 0), (562, 'Veraset Yüzüğü ', 31, 'Lonca başkanlığını devretmek için.', 1000, 1, 71099, '80009', '2018-08-24 00:00:00', 0, 0, 0), (135, 'Yaşam Meyvesi', 31, 'Derece puanınızı yükseltir.', 150, 1, 71107, '71107', '2018-08-24 00:00:00', 0, 0, 0), (89, 'Ejderha Pulu ', 8, 'Yükseltme eşyası.', 250, 3, 71123, '71123', '2018-08-24 00:00:00', 0, 0, 0), (714, 'Beyaz Aslan Mührü ', 9, '2500 HP, %15 Canavarlara Karşı Güç sağlar. 7 Günlük, süre sadece üzerinizdeyken gider.', 2000, 1, 71124, '71124', '2018-08-24 00:00:00', 648000, 0, 0), (710, 'Savaş Domuzu Mührü ', 9, '2000 HP, %10 Canavarlara Karşı Güç sağlar. 7 Günlük, süre sadece üzerinizdeyken gider.', 1500, 1, 71125, '71125', '2018-08-24 00:00:00', 648000, 0, 0), (711, 'Savaş Kurdu Mührü ', 9, '2000 HP, %10 Canavarlara Karşı Güç sağlar. 7 Günlük, süre sadece üzerinizdeyken gider.', 1500, 1, 71126, '71126', '2018-08-24 00:00:00', 648000, 0, 0), (712, 'Fırtına Kaplanı Mührü ', 9, '2000 HP, %10 Canavarlara Karşı Güç sağlar. 7 Günlük, süre sadece üzerinizdeyken gider.', 1500, 1, 71127, '71127', '2018-08-24 00:00:00', 648000, 0, 0), (713, 'Yırtıcı Aslan Mührü ', 9, '2000 HP, %10 Canavarlara Karşı Güç sağlar. 7 Günlük, süre sadece üzerinizdeyken gider.', 1500, 1, 71128, '71128', '2018-08-24 00:00:00', 648000, 0, 0), (91, 'Ejderha Pençesi ', 8, 'Yükseltme eşyası.', 250, 3, 71129, '71129', '2018-08-24 00:00:00', 0, 0, 0), (724, 'Etkinlik Atı Mührü ', 9, '4000 HP, %25 Canavarlara Karşı Güç, 100 Savunma, %15 Kritik şansı sağlar. 7 Günlük, süre sadece üzerinizdeyken gider.', 3000, 1, 71134, '71131', '2018-08-24 00:00:00', 648000, 0, 0), (141, 'Çöl Savaşçısı+ (E, Kırmızı) ', 11, 'Efsunlanabilir, 30 Günlük.', 1000, 1, 41326, '41324', '2018-08-24 00:00:00', 2592000, 0, 0), (142, 'Çöl Savaşçısı+ (K, Kırmızı) ', 11, 'Efsunlanabilir, 30 Günlük.', 1000, 1, 41327, '41325', '2018-08-24 00:00:00', 2592000, 0, 0), (126, 'Kobra Başlığı+ (E) ', 11, 'Efsunlanabilir, 30 Günlük.', 2000, 1, 45137, '45135', '2018-08-24 00:00:00', 2592000, 0, 0), (127, 'Kobra Başlığı+ (K) ', 11, 'Efsunlanabilir, 30 Günlük.', 750, 1, 45138, '45136', '2018-08-24 00:00:00', 2592000, 0, 0), (128, 'Siyah Sarık+ (E) ', 11, 'Efsunlanabilir, 30 Günlük.', 750, 1, 45149, '45143', '2018-08-24 00:00:00', 2592000, 0, 0), (129, 'Siyah Sarık+ (K) ', 11, 'Efsunlanabilir, 30 Günlük.', 750, 1, 45150, '45144', '2018-08-24 00:00:00', 2592000, 0, 0), (124, 'Azrail Miğferi+ (E) ', 11, 'Efsunlanabilir, 30 Günlük.', 750, 1, 45153, '45147', '2018-08-24 00:00:00', 2592000, 0, 0), (125, 'Azrail Miğferi+ (K) ', 11, 'Efsunlanabilir, 30 Günlük.', 750, 1, 45154, '45148', '2018-08-24 00:00:00', 2592000, 0, 0), (143, 'Çöl Başlığı+ (E, Kırmızı) ', 11, 'Efsunlanabilir, 30 Günlük.', 750, 1, 45162, '45160', '2018-08-24 00:00:00', 2592000, 0, 0), (144, 'Çöl Başlığı+ (K, Kırmızı) ', 11, 'Efsunlanabilir, 30 Günlük.', 750, 1, 45163, '45161', '2018-08-24 00:00:00', 2592000, 0, 0), (115, 'Cor Draconis (Ham)', 13, 'Simya taşı.', 200, 1, 51501, '51501', '2018-08-24 00:00:00', 0, 0, 0), (116, 'Cor Draconis (Normal)', 13, 'Simya taşı.', 300, 1, 51503, '51501', '2018-08-24 00:00:00', 0, 0, 0), (117, 'Cor Draconis (Seyrek)', 13, 'Simya taşı.', 450, 1, 51508, '51501', '2018-08-24 00:00:00', 0, 0, 0), (118, 'Cor Draconis (Antika)', 13, 'Simya taşı.', 650, 1, 51509, '51505', '2018-08-24 00:00:00', 0, 0, 0), (119, 'Cor Draconis (Efsanevi)', 13, 'Simya taşı.', 850, 1, 51510, '51506', '2018-08-24 00:00:00', 0, 0, 0), (730, 'Ateş Ankası Mührü (Pet) ', 9, '1500 HP sağlar. Süre: 1 Ay. 1. Seviye Pet.', 1000, 1, 53001, '53001', '2018-08-24 00:00:00', 2592000, 0, 0), (732, 'Yavru Geyik Mührü (Pet) ', 9, '1500 HP sağlar. Süre: 1 Ay. 1. Seviye Pet.', 1000, 1, 53002, '53002', '2018-08-24 00:00:00', 2592000, 0, 0), (735, 'Bambi Mührü (Pet) ', 9, '2500 HP, %15 Kritik şansı sağlar. Süre: 1 Ay. 2. Seviye Pet.', 1500, 1, 53002, '53002', '2018-08-24 00:00:00', 2592000, 0, 0), (731, 'Buz Ankası Mührü (Pet) ', 9, '1500 HP sağlar. Süre: 1 Ay. 1. Seviye Pet.', 1000, 1, 53003, '53003', '2018-08-24 00:00:00', 2592000, 0, 0), (751, 'Yavru Azrail Mührü (Pet) ', 9, '4500 HP, %30 Kritik, %30 Canavarlara Karşı Güç sağlar. Süre: 1 Ay. 4. Seviye Pet.', 3500, 1, 53005, '53005', '2018-08-24 00:00:00', 2592000, 0, 0), (756, 'Yavru Azrail (Altın) (Pet) ', 9, '5500 HP, %35 Kritik, %35 Canavarlara Karşı Güç sağlar. Süre: 1 Ay. 5. Seviye Pet.', 4500, 1, 53006, '53006', '2018-08-24 00:00:00', 2592000, 0, 0), (742, 'Knuud Mührü (Pet) ', 9, '3500 HP, %25 Kritik, %15 Yarı İnsanlara Karşı Güç sağlar. Süre: 1 Ay. 3. Seviye Pet.', 2500, 1, 53008, '53008', '2018-08-24 00:00:00', 2592000, 0, 0), (743, 'Bao Bao Mührü (Pet) ', 9, '3500 HP, %25 Kritik, %15 Canavarlara Karşı Güç sağlar. Süre: 1 Ay. 3. Seviye Pet.', 2500, 1, 53009, '53008', '2018-08-24 00:00:00', 2592000, 0, 0), (736, 'Leonidas Mührü (Pet) ', 9, '2500 HP, %15 Kritik şansı sağlar. Süre: 1 Ay. 2. Seviye Pet.', 1500, 1, 53010, '53008', '2018-08-24 00:00:00', 2592000, 0, 0), (737, 'Khan Mührü (Pet) ', 9, '2500 HP, %15 Kritik şansı sağlar. Süre: 1 Ay. 2. Seviye Pet.', 1500, 1, 53011, '53008', '2018-08-24 00:00:00', 2592000, 0, 0), (738, 'Porky Mührü (Pet) ', 9, '2500 HP, %15 Kritik şansı sağlar. Süre: 1 Ay. 2. Seviye Pet.', 1500, 1, 53012, '53008', '2018-08-24 00:00:00', 2592000, 0, 0), (807, 'Şaman Taşı+6', 6, '', 1000, 1, 28636, '28006', '2018-08-24 00:00:00', 0, 0, 0), (808, 'Canavardan Koruyan Taş+6', 6, '', 1000, 1, 28637, '28007', '2018-08-24 00:00:00', 0, 0, 0), (809, 'Yaşam Taşı+6', 6, '', 1000, 1, 28638, '28008', '2018-08-24 00:00:00', 0, 0, 0), (810, 'Kurnazlık Taşı+6', 6, '', 1000, 1, 28639, '28009', '2018-08-24 00:00:00', 0, 0, 0), (811, 'Sihir Taşı+6', 6, '', 1000, 1, 28640, '28010', '2018-08-24 00:00:00', 0, 0, 0), (812, 'Canlılık Taşı+6', 6, '', 1000, 1, 28641, '28011', '2018-08-24 00:00:00', 0, 0, 0), (813, 'Korunma Taşı+6', 6, '', 1000, 1, 28642, '28012', '2018-08-24 00:00:00', 0, 0, 0), (814, 'Hız Taşı+6', 6, '', 1000, 1, 28643, '28013', '2018-08-24 00:00:00', 0, 0, 0), (777, 'Liderin Notu ', 8, 'Lv 90 Biyolog görevi nesnesi.', 100, 3, 30168, '30168', '2018-08-24 00:00:00', 0, 0, 0), (373, 'Kıvrık Anahtar', 31, 'Kristal oda için gerekli.', 100, 1, 30179, '30179', '2018-08-24 00:00:00', 0, 0, 0), (778, 'Kem Göz Mücevheri ', 8, 'Lv 92 Biyolog görevi nesnesi.', 450, 3, 30251, '30251', '2018-08-24 00:00:00', 0, 0, 0), (779, 'Bilgelik Mücevheri ', 8, 'Lv 94 Biyolog görevi nesnesi.', 450, 3, 30252, '30252', '2018-08-24 00:00:00', 0, 0, 0), (780, 'Sadakat Mücevheri ', 8, 'Lv 96 Biyolog görevi nesnesi.', 450, 3, 30253, '30253', '2018-08-24 00:00:00', 0, 0, 0), (374, 'Küçülen Kafa', 31, 'Katakomb için gerekli.', 150, 1, 30319, '30319', '2018-08-24 00:00:00', 0, 0, 0), (595, 'Altın Yüzük ', 7, '%10 Kritik, %10 Delici Vuruş şansı sağlar.', 2500, 1, 30526, '30526', '2018-08-24 00:00:00', 0, 0, 0), (596, 'Gümüş Yüzük ', 7, 'Savunma +50 ve %25 Canavarlara Karşı Güç sağlar.', 2500, 1, 30527, '30527', '2018-08-24 00:00:00', 0, 0, 0), (597, 'Bronz Yüzük ', 7, '%25 EXP Bonusu ve %30 Yang Düşürme şansı sağlar.', 2500, 1, 30528, '30528', '2018-08-24 00:00:00', 0, 0, 0), (772, 'Şeytan Hatırası', 8, 'Lv 50 Biyolog görevi nesnesi.', 100, 3, 30015, '30015', '2018-08-24 00:00:00', 0, 0, 0), (774, 'Zelkova Dalı', 8, 'Lv 70 Biyolog görevi nesnesi.', 100, 3, 30165, '30165', '2018-08-24 00:00:00', 0, 0, 0), (776, 'Krm. Hayalet Ağacı Dalı', 8, 'Lv 85 Biyolog görevi nesnesi.', 100, 3, 30167, '30167', '2018-08-24 00:00:00', 0, 0, 0), (771, 'Lanet Kitabı', 8, 'Lv 40 Biyolog görevi nesnesi.', 100, 3, 30047, '30047', '2018-08-24 00:00:00', 0, 0, 0), (773, 'Buz Topu', 8, 'Lv 60 Biyolog görevi nesnesi.', 100, 3, 30050, '30050', '2018-08-24 00:00:00', 0, 0, 0), (775, 'Tugyi Tabelası', 8, 'Lv 80 Biyolog görevi nesnesi.', 100, 3, 30166, '30166', '2018-08-24 00:00:00', 0, 0, 0), (770, 'Ork Dişi', 8, 'Lv 30 Biyolog görevi nesnesi.', 100, 3, 30006, '30006', '2018-08-24 00:00:00', 0, 0, 0), (782, 'Gölge Dikeni ', 8, 'Yükseltme eşyası.', 50, 3, 31070, '31070', '2018-08-24 00:00:00', 0, 0, 0), (590, 'Güç Sandığı (7 Günlük)', 31, 'Bineklerin gücünü artırır.', 500, 1, 38100, '38100', '2018-08-24 00:00:00', 0, 0, 0), (591, 'Güç Sandığı (15 Günlük)', 31, 'Bineklerin gücünü artırır.', 1000, 1, 38101, '38100', '2018-08-24 00:00:00', 0, 0, 0), (592, 'Güç Sandığı (30 Günlük)', 31, 'Bineklerin gücünü artırır.', 1500, 1, 38102, '38100', '2018-08-24 00:00:00', 0, 0, 0), (120, 'Kobra Giysisi+ (E) ', 11, 'Efsunlanabilir, 30 Günlük.', 1000, 1, 41309, '41307', '2018-08-24 00:00:00', 2592000, 0, 0), (121, 'Kobra Giysisi+ (K) ', 11, 'Efsunlanabilir, 30 Günlük.', 1000, 1, 41310, '41308', '2018-08-24 00:00:00', 2592000, 0, 0), (107, 'Çöl Savaşçısı Siyah (E) ', 11, 'Efsunlanabilir, 30 Günlük.', 1000, 1, 41313, '41311', '2018-08-24 00:00:00', 2592000, 0, 0), (108, 'Çöl Savaşçısı Siyah (K) ', 11, 'Efsunlanabilir, 30 Günlük.', 1000, 1, 41314, '41312', '2018-08-24 00:00:00', 2592000, 0, 0), (122, 'Azrail Zırhı+ (E) ', 11, 'Efsunlanabilir, 30 Günlük.', 1000, 1, 41317, '41315', '2018-08-24 00:00:00', 2592000, 0, 0), (123, 'Azrail Zırhı+ (K) ', 11, 'Efsunlanabilir, 30 Günlük.', 1000, 1, 41318, '41316', '2018-08-24 00:00:00', 2592000, 0, 0), (14, 'Muharebe Kılıcı+9', 2, '', 1000, 1, 149, '00140', '2018-08-24 00:00:00', 1, 1, 1), (16, 'Hortlak Dişi Kılıcı+9', 2, '', 1000, 1, 159, '00150', '2018-08-24 00:00:00', 1, 1, 1), (32, 'Zehir Kılıcı+9', 2, '', 2000, 1, 189, '00180', '2018-08-24 00:00:00', 1, 1, 1), (33, 'Aslan Kılıcı+9', 2, '', 2000, 1, 199, '00190', '2018-08-24 00:00:00', 1, 1, 1), (1313, 'Ay Kılıcı ', 11, '%20 Canavar, %20 EXP Bonusu, %20 Saldırı Hızı sağlar.', 2000, 1, 229, '00220', '2018-08-24 00:00:00', 2592000, 0, 0), (1314, 'İlahi Kılıç ', 11, '%20 Canavar, %20 EXP Bonusu, %20 Saldırı Hızı sağlar.', 2000, 1, 239, '00230', '2018-08-24 00:00:00', 2592000, 0, 0), (1315, 'Baron Kılıcı ', 11, '%20 Canavar, %20 EXP Bonusu, %20 Saldırı Hızı sağlar.', 2000, 1, 269, '00260', '2018-08-24 00:00:00', 2592000, 0, 0), (25, 'Triton Kılıcı+6', 2, '', 2500, 1, 276, '00270', '2018-08-24 00:00:00', 1, 1, 1), (26, 'Kutsal Kılıç+6', 2, '', 2500, 1, 286, '00280', '2018-08-24 00:00:00', 1, 1, 1), (82, 'Runik Kılıcı +0', 2, 'Savaşçı, Ninja, Sura', 5000, 1, 460, '00460', '2018-08-24 00:00:00', 1, 1, 1), (83, 'Ejderha Dişi Kılıcı +0', 2, 'Sura', 5000, 1, 470, '00470', '2018-08-24 00:00:00', 1, 1, 1), (40, 'Ejderha Bıçağı+9', 2, '', 1000, 1, 1109, '01100', '2018-08-24 00:00:00', 1, 1, 1), (36, 'Şeytan Kanadı Çakram+9', 2, '', 2000, 1, 1139, '01130', '2018-08-24 00:00:00', 1, 1, 1), (1301, 'Testere Dişi Bıçağı ', 11, '%20 Canavar, %20 EXP Bonusu, %20 Saldırı Hızı sağlar.', 2000, 1, 1149, '01140', '2018-08-24 00:00:00', 2592000, 0, 0), (1302, 'Gün Işığı Bıçağı ', 11, '%20 Canavar, %20 EXP Bonusu, %20 Saldırı Hızı sağlar.', 2000, 1, 1159, '01150', '2018-08-24 00:00:00', 2592000, 0, 0), (1303, 'Rivulet Bıçağı ', 11, '%20 Canavar, %20 EXP Bonusu, %20 Saldırı Hızı sağlar.', 2000, 1, 1169, '01160', '2018-08-24 00:00:00', 2592000, 0, 0), (86, 'Beş Element Bıçağı +0', 2, 'Ninja', 5000, 1, 1340, '01340', '2018-08-24 00:00:00', 1, 1, 1), (20, 'Sarı Ejderha Yayı+9', 2, '', 1000, 1, 2149, '02140', '2018-08-24 00:00:00', 1, 1, 1), (28, 'Dev Şeytan Yayı+6', 2, '', 2500, 1, 2166, '02160', '2018-08-24 00:00:00', 1, 1, 1), (35, 'Havalı Çelik Yay+9', 2, '', 2000, 1, 2179, '02170', '2018-08-24 00:00:00', 1, 1, 1), (1305, 'Hayalet Yay ', 11, '%20 Canavar, %20 EXP Bonusu, %20 Saldırı Hızı sağlar.', 2000, 1, 2199, '02190', '2018-08-24 00:00:00', 2592000, 0, 0), (85, 'Anka Yayı +0', 2, 'Ninja', 5000, 1, 2370, '02370', '2018-08-24 00:00:00', 1, 1, 1), (17, 'Partizan+9', 2, '', 1000, 1, 3139, '03130', '2018-08-24 00:00:00', 1, 1, 1), (34, 'Kin Kılıcı+9', 2, '', 2000, 1, 3169, '03160', '2018-08-24 00:00:00', 1, 1, 1), (1306, 'Sarı Ejderha Katleden ', 11, '%20 Canavar, %20 EXP Bonusu, %20 Saldırı Hızı sağlar.', 2000, 1, 3179, '03170', '2018-08-24 00:00:00', 2592000, 0, 0), (1307, 'Mavi Ejderha Katleden ', 11, '%20 Canavar, %20 EXP Bonusu, %20 Saldırı Hızı sağlar.', 2000, 1, 3189, '03180', '2018-08-24 00:00:00', 2592000, 0, 0), (84, 'Güneş Kılıcı +0', 2, 'Savaşçı', 5000, 1, 3190, '03190', '2018-08-24 00:00:00', 1, 1, 1), (27, 'Ejderha Tanrısı Pala+0', 2, '', 2500, 1, 3200, '03200', '2018-08-24 00:00:00', 1, 1, 1), (1304, 'İkiz Ay Hançeri ', 11, '%20 Canavar, %20 EXP Bonusu, %20 Saldırı Hızı sağlar.', 2000, 1, 4039, '04030', '2018-08-24 00:00:00', 2592000, 0, 0), (29, 'Ruhsuz Bıçak+6', 2, '', 2500, 1, 4046, '04040', '2018-08-24 00:00:00', 1, 1, 1), (21, 'Yıldırım Kuşu Çanı+9', 2, '', 1000, 1, 5099, '05090', '2018-08-24 00:00:00', 1, 1, 1), (37, 'Orkide Çan+9', 2, '', 2000, 1, 5129, '05120', '2018-08-24 00:00:00', 1, 1, 1), (1308, 'Sert Biçici Çan ', 11, '%20 Canavar, %20 EXP Bonusu, %20 Saldırı Hızı sağlar.', 2000, 1, 5139, '05130', '2018-08-24 00:00:00', 2592000, 0, 0), (1309, 'Ejderha Çanı', 11, '%20 Canavar, %20 EXP Bonusu, %20 Saldırı Hızı sağlar.', 2000, 1, 5149, '05140', '2018-08-24 00:00:00', 2592000, 0, 0), (1310, 'Hibiskus Çanı ', 11, '%20 Canavar, %20 EXP Bonusu, %20 Saldırı Hızı sağlar.', 2000, 1, 5159, '05150', '2018-08-24 00:00:00', 2592000, 0, 0), (30, 'Ejderha Çenesi Çan+6', 2, '', 2500, 1, 5336, '05330', '2018-08-24 00:00:00', 1, 1, 1), (87, 'Ejderha Hayaleti Çan +0', 2, 'Şaman', 5000, 1, 5340, '05340', '2018-08-24 00:00:00', 1, 1, 1), (1201, 'Testere Kılıcı ', 11, '%15 Yarı İnsan, %15 Kritik, %20 Saldırı Hızı sağlar.', 2000, 1, 6401, '40101', '2018-08-24 00:00:00', 2592000, 0, 0), (1202, 'Testere Dişi Bıçağı ', 11, '%15 Yarı İnsan, %15 Kritik, %20 Saldırı Hızı sağlar.', 2000, 1, 6402, '40104', '2018-08-24 00:00:00', 2592000, 0, 0), (1203, 'Testere Hançeri ', 11, '%15 Yarı İnsan, %15 Kritik, %20 Saldırı Hızı sağlar.', 2000, 1, 6403, '40102', '2018-08-24 00:00:00', 2592000, 0, 0), (1204, 'Testere Yayı ', 11, '%15 Yarı İnsan, %15 Kritik, %20 Saldırı Hızı sağlar.', 2000, 1, 6404, '40103', '2018-08-24 00:00:00', 2592000, 0, 0), (1205, 'Testere Çanı ', 11, '%15 Yarı İnsan, %15 Kritik, %20 Saldırı Hızı sağlar.', 2000, 1, 6405, '40105', '2018-08-24 00:00:00', 2592000, 0, 0), (1206, 'Testere Yelpazesi ', 11, '%15 Yarı İnsan, %15 Kritik, %20 Saldırı Hızı sağlar.', 2000, 1, 6406, '40106', '2018-08-24 00:00:00', 2592000, 0, 0), (1207, 'Yılbaşı Kılıcı ', 11, '%20 Canavar, %20 EXP Bonusu, %20 Saldırı Hızı sağlar.', 2000, 1, 6411, '40115', '2018-08-24 00:00:00', 2592000, 0, 0), (1208, 'Yılbaşı Bıçağı ', 11, '%20 Canavar, %20 EXP Bonusu, %20 Saldırı Hızı sağlar.', 2000, 1, 6412, '40118', '2018-08-24 00:00:00', 2592000, 0, 0), (1209, 'Yılbaşı Hançeri ', 11, '%20 Canavar, %20 EXP Bonusu, %20 Saldırı Hızı sağlar.', 2000, 1, 6413, '40116', '2018-08-24 00:00:00', 2592000, 0, 0), (1210, 'Yılbaşı Yayı ', 11, '%20 Canavar, %20 EXP Bonusu, %20 Saldırı Hızı sağlar.', 2000, 1, 6414, '40117', '2018-08-24 00:00:00', 2592000, 0, 0), (1211, 'Yılbaşı Çanı ', 11, '%20 Canavar, %20 EXP Bonusu, %20 Saldırı Hızı sağlar.', 2000, 1, 6415, '40119', '2018-08-24 00:00:00', 2592000, 0, 0), (1212, 'Yılbaşı Yelpazesi ', 11, '%20 Canavar, %20 EXP Bonusu, %20 Saldırı Hızı sağlar.', 2000, 1, 6416, '40120', '2018-08-24 00:00:00', 2592000, 0, 0), (24, 'Kurtuluş Yelpazesi+9', 2, '', 1000, 1, 7149, '07140', '2018-08-24 00:00:00', 1, 1, 1), (1311, 'Sekiz Trigram Yelpaze ', 11, '%20 Canavar, %20 EXP Bonusu, %20 Saldırı Hızı sağlar.', 2000, 1, 7179, '07170', '2018-08-24 00:00:00', 2592000, 0, 0), (1312, 'Uyuyan Ejder Yelpazesi ', 11, '%20 Canavar, %20 EXP Bonusu, %20 Saldırı Hızı sağlar.', 2000, 1, 7189, '07180', '2018-08-24 00:00:00', 2592000, 0, 0), (31, 'İblisin Yelpazesi+6', 2, '', 2500, 1, 7196, '07190', '2018-08-24 00:00:00', 1, 1, 1), (88, 'Ejderha Yelpazesi+0', 2, 'Şaman', 5000, 1, 7370, '07370', '2018-08-24 00:00:00', 1, 1, 1), (391, 'Ejderha Plaka Zırh+9', 1, '', 500, 1, 11269, '11260', '2018-08-24 00:00:00', 1, 1, 1), (1, 'Ejderha Tanrısı Zırh +9', 1, '', 500, 1, 11289, '11280', '2018-08-24 00:00:00', 1, 1, 1), (2, 'Siyah Çelik Zırh +9', 1, '', 1000, 1, 11299, '11290', '2018-08-24 00:00:00', 1, 1, 1), (392, 'Genç Ejderha Takımı+9', 1, '', 500, 1, 11469, '11460', '2018-08-24 00:00:00', 1, 1, 1), (5, 'Siyah Rüzgar Takımı +9', 1, '', 1000, 1, 11499, '11490', '2018-08-24 00:00:00', 1, 1, 1), (393, 'Mistik Plaka Zırh+9', 1, '', 500, 1, 11669, '11660', '2018-08-24 00:00:00', 1, 1, 1), (7, 'Ruh Plaka Zırh+9', 1, '', 500, 1, 11689, '11680', '2018-08-24 00:00:00', 1, 1, 1), (8, 'Kara Büyü Zırh+9', 1, '', 1000, 1, 11699, '11690', '2018-08-24 00:00:00', 1, 1, 1), (394, 'Manevi Elbise+9', 1, '', 500, 1, 11869, '11860', '2018-08-24 00:00:00', 1, 1, 1), (10, 'Turuncu Kedi Elbisesi+9', 1, '', 500, 1, 11889, '11880', '2018-08-24 00:00:00', 1, 1, 1), (11, 'Siyah Elbise+9', 1, '', 1000, 1, 11899, '11890', '2018-08-24 00:00:00', 1, 1, 1), (565, 'Hwang Zırhı (Savaşçı)', 1, 'Savaşçı', 1800, 1, 11971, '11971', '2018-08-24 00:00:00', 1, 1, 1), (566, 'Hwang Zırhı (Ninja)', 1, 'Ninja', 1800, 1, 11972, '11972', '2018-08-24 00:00:00', 1, 1, 1), (567, 'Hwang Zırhı (Sura) ', 1, 'Sura', 1800, 1, 11973, '11973', '2018-08-24 00:00:00', 1, 1, 1), (568, 'Hwang Zırhı (Şaman) ', 1, 'Şaman', 1800, 1, 11974, '11974', '2018-08-24 00:00:00', 1, 1, 1), (3, 'Mavi Çelik Zırh +0', 1, '', 2500, 1, 12010, '12020', '2018-08-24 00:00:00', 1, 1, 1), (6, 'Mavi Ejderha Suiti +0', 1, '', 2500, 1, 12020, '12030', '2018-08-24 00:00:00', 1, 1, 1), (9, 'Aura Taş Zırhı +0', 1, '', 2500, 1, 12030, '12010', '2018-08-24 00:00:00', 1, 1, 1), (12, 'Ejderha Elbisesi +0', 1, 'Şaman', 2500, 1, 12040, '12040', '2018-08-24 00:00:00', 1, 1, 1), (380, 'Hayalet Maske Başlık+9', 4, '', 500, 1, 12249, '12240', '2018-08-24 00:00:00', 0, 0, 0), (61, 'Korku Maskesi +6', 4, '', 500, 1, 12266, '12260', '2018-08-24 00:00:00', 0, 0, 0), (62, 'Usta Savaşçı Kaskı +6', 4, '', 1000, 1, 12286, '12280', '2018-08-24 00:00:00', 0, 0, 0), (381, 'Çelik Kapşon+9', 4, '', 500, 1, 12389, '12380', '2018-08-24 00:00:00', 0, 0, 0), (63, 'Ork Kapşonu +6', 4, '', 500, 1, 12396, '12390', '2018-08-24 00:00:00', 0, 0, 0), (64, 'Örümcek Kapşonu +6', 4, '', 1000, 1, 12406, '12540', '2018-08-24 00:00:00', 0, 0, 0), (382, 'Kale Kask+9', 4, '', 500, 1, 12529, '12520', '2018-08-24 00:00:00', 0, 0, 0), (65, 'Boynuzlu Kask +6', 4, '', 500, 1, 12536, '12530', '2018-08-24 00:00:00', 0, 0, 0), (66, 'Büyülü Kask +6', 4, '', 1000, 1, 12546, '12400', '2018-08-24 00:00:00', 0, 0, 0), (383, 'Günışığı Şapkası+9', 4, '', 500, 1, 12669, '12660', '2018-08-24 00:00:00', 0, 0, 0), (67, 'Kardinal Şapkası +6', 4, '', 500, 1, 12676, '12670', '2018-08-24 00:00:00', 0, 0, 0), (68, 'Ruh Yongası Şapkası +6', 4, '', 1000, 1, 12686, '12680', '2018-08-24 00:00:00', 0, 0, 0), (53, 'Şahin Kalkan+9', 4, '', 1000, 1, 13069, '13060', '2018-08-24 00:00:00', 0, 0, 0), (54, 'Kaplan Kalkan+9', 4, '', 1000, 1, 13089, '13080', '2018-08-24 00:00:00', 0, 0, 0), (55, 'Aslan Ağzı Kalkan+9', 4, '', 1000, 1, 13109, '13100', '2018-08-24 00:00:00', 0, 0, 0), (56, 'Ejderha Pulu Kalkan+9', 4, '', 1000, 1, 13129, '13120', '2018-08-24 00:00:00', 0, 0, 0), (550, 'Titan Kalkanı+6', 4, '', 1000, 1, 13146, '13140', '2018-08-24 00:00:00', 0, 0, 0), (50, 'Abanoz Bilezik+9', 30, '', 1000, 1, 14109, '14100', '2018-08-24 00:00:00', 0, 0, 0), (41, 'Kristal Bilezik+9', 30, '', 1000, 1, 14169, '14160', '2018-08-24 00:00:00', 0, 0, 0), (42, 'Ametist Bilezik+9', 30, '', 1000, 1, 14189, '14180', '2018-08-24 00:00:00', 0, 0, 0), (43, 'Cennetin Gözü Bilezik+9', 30, '', 1000, 1, 14209, '14200', '2018-08-24 00:00:00', 0, 0, 0), (615, 'Ruh Kristali Bilezik+6', 30, '', 2000, 1, 14226, '14220', '2018-08-24 00:00:00', 0, 0, 0), (4, 'Küpe Çiçeği Takım +9', 1, 'Ninja', 500, 1, 14289, '11480', '2018-08-24 00:00:00', 1, 1, 1), (601, 'Yakut Bilezik+6', 30, '', 2500, 1, 14506, '14500', '2018-08-24 00:00:00', 0, 0, 0), (602, 'Grena Bilezik+6', 30, '', 2500, 1, 14526, '14520', '2018-08-24 00:00:00', 0, 0, 0), (603, 'Zümrüt Bilezik+6', 30, '', 2500, 1, 14546, '14540', '2018-08-24 00:00:00', 0, 0, 0), (604, 'Safir Bilezik+6', 30, '', 2500, 1, 14566, '14560', '2018-08-24 00:00:00', 0, 0, 0), (350, 'Işık Saçan Çizme+9', 5, '', 500, 1, 15189, '15180', '2018-08-24 00:00:00', 0, 0, 0), (351, 'Anka Ayakkabı+9', 5, '', 500, 1, 15209, '15200', '2018-08-24 00:00:00', 0, 0, 0), (352, 'Ateş Kuşu Çizmesi+9', 5, '', 500, 1, 15229, '15220', '2018-08-24 00:00:00', 0, 0, 0), (57, 'Coşku Ayakkabısı +6', 5, '', 500, 1, 15376, '15370', '2018-08-24 00:00:00', 0, 0, 0), (58, 'Şöhret Çizmesi +6', 5, '', 500, 1, 15396, '15390', '2018-08-24 00:00:00', 0, 0, 0), (59, 'Yalıçapkını Ayakkabı +6', 5, '', 500, 1, 15416, '15410', '2018-08-24 00:00:00', 0, 0, 0), (60, 'Kilin Ayakkabı +6', 5, '', 500, 1, 15436, '15430', '2018-08-24 00:00:00', 0, 0, 0), (51, 'Abanoz Kolye+9', 30, '', 1000, 1, 16109, '16100', '2018-08-24 00:00:00', 0, 0, 0), (44, 'Kristal Kolye+9', 30, '', 1000, 1, 16169, '16160', '2018-08-24 00:00:00', 0, 0, 0), (45, 'Ametist Kolye+9', 30, '', 1000, 1, 16189, '16180', '2018-08-24 00:00:00', 0, 0, 0), (46, 'Cennetin Gözü Kolye+9', 30, '', 1000, 1, 16209, '16200', '2018-08-24 00:00:00', 0, 0, 0), (614, 'Ruh Kristali Kolye+6', 30, '', 2000, 1, 16225, '16220', '2018-08-24 00:00:00', 0, 0, 0), (605, 'Yakut Kolye+6', 30, '', 2500, 1, 16504, '16500', '2018-08-24 00:00:00', 0, 0, 0), (606, 'Grena Kolye+6', 30, '', 2500, 1, 16524, '16520', '2018-08-24 00:00:00', 0, 0, 0), (607, 'Zümrüt Kolye+6', 30, '', 2500, 1, 16544, '16540', '2018-08-24 00:00:00', 0, 0, 0), (608, 'Safir Kolye+6', 30, '', 2500, 1, 16564, '16560', '2018-08-24 00:00:00', 0, 0, 0), (52, 'Abanoz Küpe+9', 30, '', 1000, 1, 17109, '17100', '2018-08-24 00:00:00', 0, 0, 0), (47, 'Kristal Küpe+9', 30, '', 1000, 1, 17169, '17160', '2018-08-24 00:00:00', 0, 0, 0), (48, 'Ametist Küpe+9', 30, '', 1000, 1, 17189, '17180', '2018-08-24 00:00:00', 0, 0, 0), (49, 'Cennetin Gözü Küpe+9', 30, '', 1000, 1, 17209, '17200', '2018-08-24 00:00:00', 0, 0, 0), (613, 'Ruh Kristali Küpe+6', 30, '', 2000, 1, 17226, '17220', '2018-08-24 00:00:00', 0, 0, 0), (609, 'Yakut Küpe+6', 30, '', 2500, 1, 17504, '17500', '2018-08-24 00:00:00', 0, 0, 0), (610, 'Grena Küpe+6', 30, '', 2500, 1, 17524, '17520', '2018-08-24 00:00:00', 0, 0, 0), (611, 'Zümrüt Küpe+6', 30, '', 2500, 1, 17544, '17540', '2018-08-24 00:00:00', 0, 0, 0), (612, 'Safir Küpe+6', 30, '', 2500, 1, 17564, '17560', '2018-08-24 00:00:00', 0, 0, 0), (73, 'Kral Kemeri+9 ', 7, 'Savaşçılara karşı %5 Savunma ve %10 Güç sağlar.', 2500, 1, 18049, '18040', '2018-08-24 00:00:00', 0, 0, 0), (74, 'Gölge Kemeri+9 ', 7, 'Ninjalara karşı %5 Savunma ve %10 Güç sağlar.', 2500, 1, 18059, '18050', '2018-08-24 00:00:00', 0, 0, 0), (75, 'Runa Kemeri+9 ', 7, 'Suralara karşı %5 Savunma ve %10 Güç sağlar.', 2500, 1, 18069, '18060', '2018-08-24 00:00:00', 0, 0, 0), (76, 'Büyükayı Kemeri+9 ', 7, 'Şamanlara karşı %5 Savunma ve %10 Güç sağlar.', 2500, 1, 18079, '18070', '2018-08-24 00:00:00', 0, 0, 0), (551, 'Ruh Kemeri+9 ', 7, '%15 Canavarlara Karşı Güç sağlar.', 2500, 1, 18089, '18080', '2018-08-24 00:00:00', 0, 0, 0), (510, 'Şeytan Boynuzu Zırh +0', 1, 'Savaşçı', 5000, 1, 20000, '20000', '2018-08-24 00:00:00', 1, 1, 1), (511, 'Ejder Süvarisi Giysisi +0', 1, 'Ninja', 5000, 1, 20250, '20250', '2018-08-24 00:00:00', 1, 1, 1), (512, 'Kemik Plaka Zırh +0', 1, 'Sura', 5000, 1, 20500, '20750', '2018-08-24 00:00:00', 1, 1, 1), (513, 'Altın Giysi +0', 1, 'Şaman', 5000, 1, 20750, '20500', '2018-08-24 00:00:00', 1, 1, 1), (1000, 'Büyülü Metal', 6, '', 100, 1, 25100, '25000', '2018-08-24 00:00:00', 0, 0, 0), (781, 'Gölge İncisi ', 8, 'Yükseltme eşyası.', 50, 3, 27984, '27984', '2018-08-24 00:00:00', 0, 0, 0), (785, 'Beyaz İnci ', 8, 'Yükseltme eşyası.', 50, 3, 27992, '27992', '2018-08-24 00:00:00', 0, 0, 0), (786, 'Mavi İnci ', 8, 'Yükseltme eşyası.', 50, 3, 27993, '27993', '2018-08-24 00:00:00', 0, 0, 0), (787, 'Kankırmızı İnci ', 8, 'Yükseltme eşyası.', 50, 3, 27994, '27994', '2018-08-24 00:00:00', 0, 0, 0), (801, 'Kavrama Taşı+6', 6, '', 1000, 1, 28630, '28000', '2018-08-24 00:00:00', 0, 0, 0), (802, 'Öldürücü Darbe Taşı+6', 6, '', 1000, 1, 28631, '28001', '2018-08-24 00:00:00', 0, 0, 0), (803, 'Soğutma Taşı+6', 6, '', 1000, 1, 28632, '28002', '2018-08-24 00:00:00', 0, 0, 0), (804, 'Savaşçıdan Koruyan Taş+6', 6, '', 1000, 1, 28633, '28003', '2018-08-24 00:00:00', 0, 0, 0), (805, 'Ninjadan Koruyan Taş+6', 6, '', 1000, 1, 28634, '28004', '2018-08-24 00:00:00', 0, 0, 0), (806, 'Suradan Koruyan Taş+6', 6, '', 1000, 1, 28635, '28005', '2018-08-24 00:00:00', 0, 0, 0), (726, 'Leopar Mührü ', 9, '4500 HP, %30 Canavarlara Karşı Güç, 150 Savunma, %20 Kritik şansı sağlar. 7 Günlük, süre sadece üzerinizdeyken gider.', 3500, 1, 71177, '71131', '2018-08-24 00:00:00', 648000, 0, 0), (729, 'Yeşil At Mührü ', 9, '5000 HP, %35 Canavarlara Karşı Güç, 200 Savunma, %25 Kritik şansı sağlar. 7 Günlük, süre sadece üzerinizdeyken gider.', 4000, 1, 71178, '71178_z', '2018-08-24 00:00:00', 648000, 0, 0), (1500, 'Kaplan Kemiği Küpe ', 30, 'Saldırı Değerini 2 saat boyunca 200 artırır.', 1250, 1, 72703, '72703', '2018-08-24 00:00:00', 0, 0, 120), (1501, 'Ejder Kemiği Küpe ', 30, 'Savunmanı 2 saat boyunca 200 artırır.', 1250, 1, 72704, '72704', '2018-08-24 00:00:00', 0, 0, 120), (1502, 'Kaplan Kemiği Bilezik ', 30, 'Beceri hasarını 2 saat boyunca %15 artırır.', 1250, 1, 72705, '72705', '2018-08-24 00:00:00', 0, 0, 120), (1503, 'Ejder Kemiği Bilezik ', 30, 'Beceri hasarına karşı koymayı 2 saat boyunca %15 artırır.', 1250, 1, 72706, '72706', '2018-08-24 00:00:00', 0, 0, 120), (570, 'Güneş Özütü (B)', 31, 'HP\'nizi otomatik yeniler.', 200, 1, 72725, '72725', '2018-08-24 00:00:00', 0, 0, 7000000), (571, 'Güneş Özütü (E)', 31, 'HP\'nizi otomatik yeniler.', 300, 1, 72726, '72726', '2018-08-24 00:00:00', 0, 0, 10000000), (572, 'Ay Özütü (B)', 31, 'SP\'nizi otomatik yeniler.', 200, 1, 72729, '72729', '2018-08-24 00:00:00', 0, 0, 700000), (573, 'Ay Özütü (E)', 31, 'SP\'nizi otomatik yeniler.', 300, 1, 72730, '72730', '2018-08-24 00:00:00', 0, 0, 1000000), (377, 'Ok Çantası ', 31, '30 gün boyunca sınırsız ok, hasar düşüşünü engeller.', 1250, 1, 79504, '79501', '2018-08-24 00:00:00', 0, 0, 0), (69, 'EP Kuponu (100)', 12, '100 Ejderha Parası.', 100, 1, 80014, '80017', '2018-08-24 01:00:00', 0, 0, 0), (70, 'EP Kuponu (500)', 12, '500 Ejderha Parası.', 500, 1, 80015, '80015', '2018-08-24 02:00:00', 0, 0, 0), (71, 'EP Kuponu (1000)', 12, '1000 Ejderha Parası.', 1000, 1, 80016, '80014', '2018-08-24 03:00:00', 0, 0, 0), (320, 'EP Kuponu (3000)', 12, '3000 Ejderha Parası.', 3000, 1, 80017, '80016', '2018-08-24 04:00:00', 0, 0, 0), (376, 'Geçit Bileti (SD4)', 31, 'Zindan için gereklidir.', 150, 1, 80019, '71096', '2018-08-24 00:00:00', 0, 0, 0), (397, 'Temel Taşı ', 31, 'Lonca binası için.', 50, 3, 90010, '90010', '2018-08-24 00:00:00', 0, 0, 0), (395, 'Gövde ', 31, 'Lonca binası için.', 50, 3, 90011, '90011', '2018-08-24 00:00:00', 0, 0, 0), (396, 'Kontrplak ', 31, 'Lonca binası için.', 50, 3, 90012, '90012', '2018-08-24 00:00:00', 0, 0, 0);
COMMIT;

-- ----------------------------
-- Table structure for ishop_log
-- ----------------------------
DROP TABLE IF EXISTS `ishop_log`;
CREATE TABLE `ishop_log`  (
  `id` int(11) NOT NULL AUTO_INCREMENT,
  `buyer_name` varchar(255) CHARACTER SET utf8 COLLATE utf8_turkish_ci NOT NULL,
  `item_name` varchar(255) CHARACTER SET utf8 COLLATE utf8_turkish_ci NOT NULL,
  `date_of_buy` datetime NOT NULL,
  `vnum_icon` varchar(11) CHARACTER SET utf8 COLLATE utf8_turkish_ci NOT NULL,
  PRIMARY KEY (`id`) USING BTREE
) ENGINE = MyISAM AUTO_INCREMENT = 309 CHARACTER SET = utf8 COLLATE = utf8_turkish_ci;

-- ----------------------------
-- Records of ishop_log
-- ----------------------------
BEGIN;
INSERT INTO `ishop_log` (`id`, `buyer_name`, `item_name`, `date_of_buy`, `vnum_icon`) VALUES (293, 'admin000', 'S&eacute; jegy (3000)', '2021-06-01 16:16:20', '80016'), (294, 'admin000', 'S&eacute; jegy (1000)', '2021-06-01 16:16:24', '80014'), (295, 'admin000', 'S&eacute; jegy (500)', '2021-06-01 16:16:27', '80015'), (296, 'cankira', 'S&eacute; jegy (3000)', '2026-02-13 02:29:23', '80016'), (297, 'cankira', 'S&eacute; jegy (100)', '2026-02-13 02:37:36', '80017'), (298, 'cankira', 'S&eacute; jegy (500)', '2026-02-13 02:37:41', '80015'), (299, 'cankira', 'S&eacute; jegy (1000)', '2026-02-13 02:37:45', '80014'), (300, 'cankira', 'S&eacute; jegy (3000)', '2026-02-13 02:37:55', '80016'), (301, 'cankira', '&Aacute;rny&eacute;k &eacute;kszer ', '2026-02-13 02:40:12', '60003'), (302, 'cankira', 'S&eacute; jegy (100)', '2026-02-13 02:40:25', '80017'), (303, 'cankira', 'S&eacute; jegy (3000)', '2026-02-13 02:41:40', '80016'), (304, 'cankira', 'S&eacute; jegy (1000)', '2026-02-13 02:41:44', '80014'), (305, 'cankira', 'Fekete p&aacute;rduc pecs&eacute;t ', '2026-02-13 02:48:31', '71131'), (306, 'cankira', 'Fekete p&aacute;rduc pecs&eacute;t ', '2026-02-13 02:48:37', '71131'), (307, 'cankira', 'Fekete p&aacute;rduc pecs&eacute;t ', '2026-02-13 02:48:46', '71131'), (308, 'cankira', 'Safir Küpe+6', '2026-02-14 14:29:37', '17560');
COMMIT;

SET FOREIGN_KEY_CHECKS = 1;
